"","link"
"1","https://rbidocs.rbi.org.in/rdocs/Publications/DOCs/T_175A1D186D4C64E4181D3327A7AF06BA9.XLSX"
"2","https://rbidocs.rbi.org.in/rdocs/Publications/DOCs/T_28A6FD1092B40493CBC8B55FFA864EADB.XLSX"
"3","https://rbidocs.rbi.org.in/rdocs/Publications/DOCs/T_3982978F2196A45EC8696FD79DF27FD74.XLSX"
"4","https://rbidocs.rbi.org.in/rdocs/Publications/DOCs/T_4E8AF491A55FC48BEA680C689BF3CF06F.XLSX"
"5","https://rbidocs.rbi.org.in/rdocs/Publications/DOCs/T_55D24A9DE7DA94B91B20F7FABF5CC2FB1.XLSX"
"6","https://rbidocs.rbi.org.in/rdocs/Publications/DOCs/T_648A7E65E2F504507828F23F98788E2DA.XLSX"
"7","https://rbidocs.rbi.org.in/rdocs/Publications/DOCs/T_7AC91C04D684C4A659CD91C61B6E38834.XLSX"
"8","https://rbidocs.rbi.org.in/rdocs/Publications/DOCs/T_8E6C6F16BD18946C2A7F6EB6BDC184397.XLSX"
"9","https://rbidocs.rbi.org.in/rdocs/Publications/DOCs/T_970F08601EE0C469CB49E3D1AEC5A8508.XLSX"
"10","https://rbidocs.rbi.org.in/rdocs/Publications/DOCs/T_10144F123A5A7049D2A26C214E1AB6093E.XLSX"
"11","https://rbidocs.rbi.org.in/rdocs/Publications/DOCs/T_117C0819390463472C810E14FD968B257A.XLSX"
"12","https://rbidocs.rbi.org.in/rdocs/Publications/DOCs/T_123C6CE499AEFB461E8242E14098242CA5.XLSX"
"13","https://rbidocs.rbi.org.in/rdocs/Publications/DOCs/T_13091EFB2ADFEA47CAA069BEE53BD82F14.XLSX"
"14","https://rbidocs.rbi.org.in/rdocs/Publications/DOCs/T_14DA8BF3B5BAE64D82BD095EE6BF490989.XLSX"
"15","https://rbidocs.rbi.org.in/rdocs/Publications/DOCs/T_15663205AC20DE42E185735EDC8F7461C4.XLSX"
"16","https://rbidocs.rbi.org.in/rdocs/Publications/DOCs/T_16733E99D11B8D43D6984E97DA0F8427AA.XLSX"
"17","https://rbidocs.rbi.org.in/rdocs/Publications/DOCs/T_17DF25A7A815C247C8BFA75C6EA25D5CFB.XLSX"
"18","https://rbidocs.rbi.org.in/rdocs/Publications/DOCs/T_186938C16F44554D57BC80AEE8D7F4AA89.XLSX"
"19","https://rbidocs.rbi.org.in/rdocs/Publications/DOCs/T_1912FAAA3332964BEEA9F43AEB33218C7D.XLSX"
"20","https://rbidocs.rbi.org.in/rdocs/Publications/DOCs/T_206C0D1FD9BD234470A9794E04CD8542CF.XLSX"
"21","https://rbidocs.rbi.org.in/rdocs/Publications/DOCs/T_21928A2397CBFD442CB79CA7FED35F606C.XLSX"
"22","https://rbidocs.rbi.org.in/rdocs/Publications/DOCs/T_220A9C6678BE0F4128B75CCDDCB3942018.XLSX"
"23","https://rbidocs.rbi.org.in/rdocs/Publications/DOCs/T_2309BF1ABE4E7C4D11B3DB380CAED97849.XLSX"
"24","https://rbidocs.rbi.org.in/rdocs/Publications/DOCs/T_2496319AFC169741DFBC11DC440513F68D.XLSX"
"25","https://rbidocs.rbi.org.in/rdocs/Publications/DOCs/T_25DC45ACBD4E3A4A53889CE0A296201BCE.XLSX"
"26","https://rbidocs.rbi.org.in/rdocs/Publications/DOCs/T_2627742616EED54ED0A566EBDA837AF4C1.XLSX"
"27","https://rbidocs.rbi.org.in/rdocs/Publications/DOCs/T_2762D87207AB9247C88780B5C130FB9205.XLSX"
"28","https://rbidocs.rbi.org.in/rdocs/Publications/DOCs/T_28299544625D9047ED95409CC0506A77BD.XLSX"
"29","https://rbidocs.rbi.org.in/rdocs/Publications/DOCs/T_293F5E437A8C60449EB0DE623650B72238.XLSX"
"30","https://rbidocs.rbi.org.in/rdocs/Publications/DOCs/T_3090B5EDCF95654F1BB779AC300A2D10BE.XLSX"
"31","https://rbidocs.rbi.org.in/rdocs/Publications/DOCs/T_310D0D82E4F39C4E38A460E60DF4F7F076.XLSX"
"32","https://rbidocs.rbi.org.in/rdocs/Publications/DOCs/T_32E9AAE7BF580A4707B242C1693C02937D.XLSX"
"33","https://rbidocs.rbi.org.in/rdocs/Publications/DOCs/T_3311C1108DF19A41769D52E26C09DA641F.XLSX"
"34","https://rbidocs.rbi.org.in/rdocs/Publications/DOCs/T_3423327C7730554F2287F39B8DD959065D.XLSX"
"35","https://rbidocs.rbi.org.in/rdocs/Publications/DOCs/T_35193E731F7FCE4133B4DA4488F529679E.XLSX"
"36","https://rbidocs.rbi.org.in/rdocs/Publications/DOCs/T_36C95C8F3E839845DABA99BF3AD3518F6D.XLSX"
"37","https://rbidocs.rbi.org.in/rdocs/Publications/DOCs/T_375A9118633EEE404BB4BED4FC39BE6C26.XLSX"
"38","https://rbidocs.rbi.org.in/rdocs/Publications/DOCs/T_38A0F1CA1480234B14822D2E1678387876.XLSX"
"39","https://rbidocs.rbi.org.in/rdocs/Publications/DOCs/T_3949AD857E359845C2968C800CBF4054EF.XLSX"
"40","https://rbidocs.rbi.org.in/rdocs/Publications/DOCs/T_4036269D05A9004E8987CB81FC3EE8851F.XLSX"
"41","https://rbidocs.rbi.org.in/rdocs/Publications/DOCs/T_4105A9D0B3A7AC4DC8B472F227C7404D3F.XLSX"
"42","https://rbidocs.rbi.org.in/rdocs/Publications/DOCs/T_42F5B2DCE489774A759E9E3207748687BF.XLSX"
"43","https://rbidocs.rbi.org.in/rdocs/Publications/DOCs/T_43E702543ED94D48EDA141799FF8C77013.XLSX"
"44","https://rbidocs.rbi.org.in/rdocs/Publications/DOCs/T_44ECE5CE35961F4FC6BFC9F5EE38D05C59.XLSX"
"45","https://rbidocs.rbi.org.in/rdocs/Publications/DOCs/T_45816A04DA33CA437AB6817186E63B784C.XLSX"
"46","https://rbidocs.rbi.org.in/rdocs/Publications/DOCs/T_46583DAED504774010BED92865DF8330EF.XLSX"
"47","https://rbidocs.rbi.org.in/rdocs/Publications/DOCs/T_477965523A5A344F67B26E3A7BF1C9A2EC.XLSX"
"48","https://rbidocs.rbi.org.in/rdocs/Publications/DOCs/T_488ADDFD565169468DB64A7CE713417D9E.XLSX"
"49","https://rbidocs.rbi.org.in/rdocs/Publications/DOCs/T_49C2DF83EC12C6456CB4BC0077F9BE7177.XLSX"
"50","https://rbidocs.rbi.org.in/rdocs/Publications/DOCs/T_50BD51A74F3B014ADEA122A190995C6C0F.XLSX"
"51","https://rbidocs.rbi.org.in/rdocs/Publications/DOCs/T_51703FC84E32D84F18A30D4ED74B968EDD.XLSX"
"52","https://rbidocs.rbi.org.in/rdocs/Publications/DOCs/T_52FD194E3485B54460B5B2375F846BDF0E.XLSX"
"53","https://rbidocs.rbi.org.in/rdocs/Publications/DOCs/T_53F2BB44AA258F44DFB32FD86F902E6756.XLSX"
"54","https://rbidocs.rbi.org.in/rdocs/Publications/DOCs/T_541F279E4510CE46B9883F77611634B8A2.XLSX"
"55","https://rbidocs.rbi.org.in/rdocs/Publications/DOCs/T_5536AC14C85F1C49E0B056CD4B55A05181.XLSX"
"56","https://rbidocs.rbi.org.in/rdocs/Publications/DOCs/T_56E321A7646BFB4F00A2AC25F086776083.XLSX"
"57","https://rbidocs.rbi.org.in/rdocs/Publications/DOCs/T_571B05DC591C8E4DE4A01AB073BE37BE88.XLSX"
"58","https://rbidocs.rbi.org.in/rdocs/Publications/DOCs/T_58000E05B3E24C47AF9F2FCBC4BA82CD80.XLSX"
"59","https://rbidocs.rbi.org.in/rdocs/Publications/DOCs/T_59A139EE603EE44F91B936479AAD53DD86.XLSX"
"60","https://rbidocs.rbi.org.in/rdocs/Publications/DOCs/T_609F28C12326104262A8A44D6DE581D352.XLSX"
"61","https://rbidocs.rbi.org.in/rdocs/Publications/DOCs/T_61159EB45D9B9745588F94F5E86811A40D.XLSX"
"62","https://rbidocs.rbi.org.in/rdocs/Publications/DOCs/T_62C092318145DB471C93D80F15E1D5118F.XLSX"
"63","https://rbidocs.rbi.org.in/rdocs/Publications/DOCs/T_631EF8EBAB3E824CB9A0B82036CB7ACD0A.XLSX"
"64","https://rbidocs.rbi.org.in/rdocs/Publications/DOCs/T_644A20816021974B2286E135D5E5E1BB8B.XLSX"
"65","https://rbidocs.rbi.org.in/rdocs/Publications/DOCs/T_65ECDDE1079321421AA1F03A773D8F15AA..XLSX"
"66","https://rbidocs.rbi.org.in/rdocs/Publications/DOCs/T_66ED16532601E440ABA73BBE0633A5C41E.XLSX"
"67","https://rbidocs.rbi.org.in/rdocs/Publications/DOCs/T_672C56273ACAA04430BD72F51420E1E695.XLSX"
"68","https://rbidocs.rbi.org.in/rdocs/Publications/DOCs/T_68FC8B7BC890D74188BDDB3D0009437F30.XLSX"
"69","https://rbidocs.rbi.org.in/rdocs/Publications/DOCs/T_69FD7716ABDCD2442DBE1E9732028E3722.XLSX"
"70","https://rbidocs.rbi.org.in/rdocs/Publications/DOCs/T_70680BB0EC50AB48768C7DA334EDBB4651.XLSX"
"71","https://rbidocs.rbi.org.in/rdocs/Publications/DOCs/T_717F553E0C33A04F259634FD3033BF36F0.XLSX"
"72","https://rbidocs.rbi.org.in/rdocs/Publications/DOCs/T_7299B0F78273AC441CBB1548AC0B4F3CFE.XLSX"
"73","https://rbidocs.rbi.org.in/rdocs/Publications/DOCs/T_735DD4F06B70E846278D35CECA23006576.XLSX"
"74","https://rbidocs.rbi.org.in/rdocs/Publications/DOCs/T_74F0263DDE12EF46458381510BD36E8B87.XLSX"
"75","https://rbidocs.rbi.org.in/rdocs/Publications/DOCs/T_7528B6EB4C712C468FA50F7EAB0AF68277.XLSX"
"76","https://rbidocs.rbi.org.in/rdocs/Publications/DOCs/T_76F65763C5EBDE45FE81FC8CEC30BF668C.XLSX"
"77","https://rbidocs.rbi.org.in/rdocs/Publications/DOCs/T_77F4E41922887443F59B7552816751674C.XLSX"
"78","https://rbidocs.rbi.org.in/rdocs/Publications/DOCs/T_7826750A41E960474F9B3AD64B514C689A.XLSX"
"79","https://rbidocs.rbi.org.in/rdocs/Publications/DOCs/T_7939508B70667342C5AB834490B4D2399D.XLSX"
"80","https://rbidocs.rbi.org.in/rdocs/Publications/DOCs/T_80FDDDE8BF8D7244E8B4E45DD755FC4B3E.XLSX"
"81","https://rbidocs.rbi.org.in/rdocs/Publications/DOCs/T_8127076F9974EE4363A9000F10EAA9DDD8.XLSX"
"82","https://rbidocs.rbi.org.in/rdocs/Publications/DOCs/T_82416479698CB9416DBDE5302BED2FDFD3.XLSX"
"83","https://rbidocs.rbi.org.in/rdocs/Publications/DOCs/T_8394FBC65119684B28B8EB7FD859B4B116.XLSX"
"84","https://rbidocs.rbi.org.in/rdocs/Publications/DOCs/T_84CAA19272FDE3417EAE3693E763477F58.XLSX"
"85","https://rbidocs.rbi.org.in/rdocs/Publications/DOCs/T_85FE2F38627B6D40A699DA340A6DDAF3F6.XLSX"
"86","https://rbidocs.rbi.org.in/rdocs/Publications/DOCs/T_86EB64358CD22C41BC83D0AA9D53183376.XLSX"
"87","https://rbidocs.rbi.org.in/rdocs/Publications/DOCs/T_873F26E2E974C14BDEA99700704D8C2458.XLSX"
"88","https://rbidocs.rbi.org.in/rdocs/Publications/DOCs/T_88CD4A360D18FC4267A6725197DBD795C5.XLSX"
"89","https://rbidocs.rbi.org.in/rdocs/Publications/DOCs/T_8936C5A0129C694832B793E659DDDFF28F.XLSX"
"90","https://rbidocs.rbi.org.in/rdocs/Publications/DOCs/T_90F7040CEC9B7A486A88F5CCD30B79A076.XLSX"
"91","https://rbidocs.rbi.org.in/rdocs/Publications/DOCs/T_911D91DB0DDFBB48038676A86B531830CC.XLSX"
"92","https://rbidocs.rbi.org.in/rdocs/Publications/DOCs/T_921CEC39BCE173479AA81F247ED318F481.XLSX"
"93","https://rbidocs.rbi.org.in/rdocs/Publications/DOCs/T_933F1F9BB711CF41739B4C3BD535855E2C.XLSX"
"94","https://rbidocs.rbi.org.in/rdocs/Publications/DOCs/T_94CD5A01691F7C4690A2149FEB5E7A4863.XLSX"
"95","https://rbidocs.rbi.org.in/rdocs/Publications/DOCs/T_95BB4754ACCA7B4B37B3CEB2039332014E.XLSX"
"96","https://rbidocs.rbi.org.in/rdocs/Publications/DOCs/T_96F2EFF384013E455A8881CFC4AC3E2199.XLSX"
"97","https://rbidocs.rbi.org.in/rdocs/Publications/DOCs/T_97F04278815D1D443DA583415782FCFF87.XLSX"
"98","https://rbidocs.rbi.org.in/rdocs/Publications/DOCs/T_9867762347479843DBB17A796D11798270.XLSX"
"99","https://rbidocs.rbi.org.in/rdocs/Publications/DOCs/T_993EAB073EFC67404788B06A51377E961A.XLSX"
"100","https://rbidocs.rbi.org.in/rdocs/Publications/DOCs/T_1005C5EF2C6E1794AA58A7BE4979883EA86.XLSX"
"101","https://rbidocs.rbi.org.in/rdocs/Publications/DOCs/T_101DFA94DDF6A124A59B041952639C7EE2E.XLSX"
"102","https://rbidocs.rbi.org.in/rdocs/Publications/DOCs/T_102795E1E2C9E894411A164412136F798D6.XLSX"
"103","https://rbidocs.rbi.org.in/rdocs/Publications/DOCs/T_103A101852F76F84B14B012A267712CF300.XLSX"
"104","https://rbidocs.rbi.org.in/rdocs/Publications/DOCs/T_104F19850A19C53472A994C1BA8BA551C5D.XLSX"
"105","https://rbidocs.rbi.org.in/rdocs/Publications/DOCs/T_10502B75BFA87BD4FB989738E0020F0B8A5.XLSX"
"106","https://rbidocs.rbi.org.in/rdocs/Publications/DOCs/T_106EADB5414FB4E4ADF854B13A233741215.XLSX"
"107","https://rbidocs.rbi.org.in/rdocs/Publications/DOCs/T_1071557CF466FDF4E429CC10244C50C416F.XLSX"
"108","https://rbidocs.rbi.org.in/rdocs/Publications/DOCs/T_1086C728775FBAB4D65941E1AA2536BDF97.XLSX"
"109","https://rbidocs.rbi.org.in/rdocs/Publications/DOCs/T_1095658930DF7CF4DE0865ED664CB7F1D81.XLSX"
"110","https://rbidocs.rbi.org.in/rdocs/Publications/DOCs/T_1102E8B3F46757644E8A693BC137B5AC1AE.XLSX"
"111","https://rbidocs.rbi.org.in/rdocs/Publications/DOCs/T_11133421028C0B7450BA6A0F01FA6ABAA1E.XLSX"
"112","https://rbidocs.rbi.org.in/rdocs/Publications/DOCs/T_112F00D4AD8F8334180988674A3BBB6B8CA.XLSX"
"113","https://rbidocs.rbi.org.in/rdocs/Publications/DOCs/T_113510785D30C4146809CC20D50B2856401.XLSX"
"114","https://rbidocs.rbi.org.in/rdocs/Publications/DOCs/T_1144F6260A6C54741389B3794A42FF94E2F.XLSX"
"115","https://rbidocs.rbi.org.in/rdocs/Publications/DOCs/T_1155B31BEE9AB714F289DEC6DC639CAF7C6.XLSX"
"116","https://rbidocs.rbi.org.in/rdocs/Publications/DOCs/T_11620452E6CA18B407E96D3B965D2B29426.XLSX"
"117","https://rbidocs.rbi.org.in/rdocs/Publications/DOCs/T_11710D53AA7534740468965BF9DDEAE8880.XLSX"
"118","https://rbidocs.rbi.org.in/rdocs/Publications/DOCs/T_118B65E121E40C2438F89D3CE58BEB57010.XLSX"
"119","https://rbidocs.rbi.org.in/rdocs/Publications/DOCs/T_1199B32989E535B431DB81F17CC65E5A3A1.XLSX"
"120","https://rbidocs.rbi.org.in/rdocs/Publications/DOCs/T_12061F897CD23DD45529CC71C98E49CAB17.XLSX"
"121","https://rbidocs.rbi.org.in/rdocs/Publications/DOCs/T_121B8DD1866B17644008B1774D4CAD2D640.XLSX"
"122","https://rbidocs.rbi.org.in/rdocs/Publications/DOCs/T_12220EEB6C6AD2245E9BF9805DA49FBE561.XLSX"
"123","https://rbidocs.rbi.org.in/rdocs/Publications/DOCs/T_123FB5090B95B794F0EA160E4CA455E347F.XLSX"
"124","https://rbidocs.rbi.org.in/rdocs/Publications/DOCs/T_1241FCE9DB1986B48499DEAEEB8F3F3031A.XLSX"
"125","https://rbidocs.rbi.org.in/rdocs/Publications/DOCs/T_1255306B93B6D7C45138093C2D2E2D03523.XLSX"
"126","https://rbidocs.rbi.org.in/rdocs/Publications/DOCs/T_1264D2F74512ED34C1F8DC6AE3DBB2B458F.XLSX"
"127","https://rbidocs.rbi.org.in/rdocs/Publications/DOCs/T_12771961A508FC24F38A58A0B7335F3FB8B.XLSX"
"128","https://rbidocs.rbi.org.in/rdocs/Publications/DOCs/T_128867FC9AEDF0F48D6910C73730EFED2AE.XLSX"
"129","https://rbidocs.rbi.org.in/rdocs/Publications/DOCs/T_129584006A7FDE5458195AD11FD9ADEEF40.XLSX"
"130","https://rbidocs.rbi.org.in/rdocs/Publications/DOCs/T_1308290A1162F444202B71BD2D56474C992.XLSX"
"131","https://rbidocs.rbi.org.in/rdocs/Publications/DOCs/T_1317FF996D467054646B71DA336AA6B881A.XLSX"
"132","https://rbidocs.rbi.org.in/rdocs/Publications/DOCs/T_13285C1788C87A04089B5A4871E9E7A312A.XLSX"
"133","https://rbidocs.rbi.org.in/rdocs/Publications/DOCs/T_1336741FC7651214F12ACCF074C080B3256.XLSX"
"134","https://rbidocs.rbi.org.in/rdocs/Publications/DOCs/T_134719F640CDF5A4AC08E39D2D900AC61C8.XLSX"
"135","https://rbidocs.rbi.org.in/rdocs/Publications/DOCs/T_135122A2784F856417CBF9BC405A453EDED.XLSX"
"136","https://rbidocs.rbi.org.in/rdocs/Publications/DOCs/T_13694DF1F405F39494BB65ADBA5033E6607.XLSX"
"137","https://rbidocs.rbi.org.in/rdocs/Publications/DOCs/T_1378582E73091CF4CE18AA2B00A98C54E59.XLSX"
"138","https://rbidocs.rbi.org.in/rdocs/Publications/DOCs/T_138B9507E306A2E468B83157078AAD97A00.XLSX"
"139","https://rbidocs.rbi.org.in/rdocs/Publications/DOCs/T_1391040222330904537A0FAB3D69C315C73.XLSX"
"140","https://rbidocs.rbi.org.in/rdocs/Publications/DOCs/T_140383C7971D0784A44847E9A03A7FF42B9.XLSX"
"141","https://rbidocs.rbi.org.in/rdocs/Publications/DOCs/T_1416D9B6CD4DF28429FB95021F20F539F82.XLSX"
"142","https://rbidocs.rbi.org.in/rdocs/Publications/DOCs/T_142CBD09DD20FB846F796384D6A29E8069B.XLSX"
"143","https://rbidocs.rbi.org.in/rdocs/Publications/DOCs/T_1435CFF27C3405B4AB1B3D2CEC323BD8924.XLSX"
"144","https://rbidocs.rbi.org.in/rdocs/Publications/DOCs/T_1443D127E5C6A7E4C27A0567521505FBE1E.XLSX"
"145","https://rbidocs.rbi.org.in/rdocs/Publications/DOCs/T_1456DE1B135710F4E5CB0045FA3FC0023BF.XLSX"
"146","https://rbidocs.rbi.org.in/rdocs/Publications/DOCs/T_146B067CA0A523E4594AC14FEEA88710A85.XLSX"
"147","https://rbidocs.rbi.org.in/rdocs/Publications/DOCs/T_1475B18569B749A4A39ADF18B2A5E4F1E2F.XLSX"
"148","https://rbidocs.rbi.org.in/rdocs/Publications/DOCs/T_148A9EA63A60501410AAFFA2B7217E6C25C.XLSX"
"149","https://rbidocs.rbi.org.in/rdocs/Publications/DOCs/T_149CA26F6E4FD8A488DB5C88086C021C3E1.XLSX"
"150","https://rbidocs.rbi.org.in/rdocs/Publications/DOCs/T_15099DB4C7F6A054BAE8FDEE21F64D1AD33.XLSX"
"151","https://rbidocs.rbi.org.in/rdocs/Publications/DOCs/T_151F6611E27B32C4658AA6E606FC65E77A1.XLSX"
"152","https://rbidocs.rbi.org.in/rdocs/Publications/DOCs/T_152789D8F0F679F4D80BF2E1311CB113CD0.XLSX"
"153","https://rbidocs.rbi.org.in/rdocs/Publications/DOCs/T_153E86068398BD24170B330A4588A42A2B8.XLSX"
